IP Address,Port,Code,Country,Anonymity,Google,Https,Last Checked
43.157.10.238,8888,DE,Germany,anonymous,no,yes,10 secs ago
43.157.8.79,8888,DE,Germany,anonymous,no,yes,10 secs ago
218.164.29.10,8080,TW,Taiwan,elite proxy,yes,yes,10 secs ago
186.121.235.222,8080,BO,Bolivia,anonymous,no,yes,10 secs ago
213.97.161.224,3128,ES,Spain,anonymous,no,yes,14 secs ago
5.180.44.150,8080,JP,Japan,elite proxy,no,yes,14 secs ago
2.47.51.18,8080,IT,Italy,elite proxy,yes,yes,10 mins ago
64.147.20.12,8080,US,United States,anonymous,no,yes,10 mins ago
34.154.161.152,80,IT,Italy,anonymous,no,yes,10 mins ago
71.86.129.131,8080,US,United States,elite proxy,no,yes,10 mins ago
64.225.8.142,10000,US,United States,elite proxy,no,yes,11 mins ago
95.174.64.126,3128,IT,Italy,anonymous,no,yes,40 mins ago
8.219.97.248,80,SG,Singapore,anonymous,no,yes,50 mins ago
1.54.250.30,8080,VN,Vietnam,anonymous,no,yes,51 mins ago
20.44.206.138,80,SG,Singapore,anonymous,no,yes,1 hour 10 mins ago
144.49.99.190,8080,SG,Singapore,elite proxy,no,yes,1 hour 10 mins ago
198.251.72.26,80,US,United States,elite proxy,no,yes,1 hour 30 mins ago
118.69.111.51,8080,VN,Vietnam,elite proxy,no,yes,1 hour 40 mins ago
178.33.3.163,8080,FR,France,elite proxy,no,yes,1 hour 40 mins ago
46.53.187.235,3128,BY,Belarus,anonymous,,yes,2 hours 30 mins ago
101.231.64.89,8443,CN,China,anonymous,,yes,3 hours 1 min ago
144.49.99.170,8080,SG,Singapore,elite proxy,no,yes,3 hours 21 mins ago
5.161.96.166,3128,US,United States,anonymous,no,yes,3 hours 31 mins ago
20.44.189.184,3129,JP,Japan,anonymous,no,yes,4 hours 11 mins ago
20.219.183.188,3129,IN,India,anonymous,yes,yes,4 hours 20 mins ago
20.219.177.73,3129,IN,India,anonymous,no,yes,4 hours 20 mins ago
20.204.190.254,3129,IN,India,anonymous,no,yes,4 hours 20 mins ago
20.44.188.17,3129,JP,Japan,anonymous,no,yes,4 hours 20 mins ago
20.204.214.79,3129,IN,India,anonymous,no,yes,4 hours 20 mins ago
20.219.176.57,3129,IN,India,anonymous,no,yes,4 hours 20 mins ago
20.219.177.85,3129,IN,India,anonymous,yes,yes,4 hours 40 mins ago
20.44.190.150,3129,JP,Japan,anonymous,no,yes,4 hours 40 mins ago
20.219.177.38,3129,IN,India,anonymous,yes,yes,4 hours 40 mins ago
144.49.99.215,8080,SG,Singapore,elite proxy,no,yes,5 hours ago
64.225.8.132,10000,US,United States,elite proxy,no,yes,5 hours 40 mins ago
23.122.184.9,8888,US,United States,anonymous,no,yes,5 hours 50 mins ago
34.142.51.21,443,GB,United Kingdom,anonymous,no,yes,5 hours 50 mins ago
115.96.208.124,8080,IN,India,anonymous,no,yes,5 hours 50 mins ago
154.58.202.47,1337,IN,India,anonymous,no,yes,5 hours 50 mins ago
123.126.158.50,80,CN,China,anonymous,,yes,6 hours 10 mins ago
37.58.150.207,3129,FR,France,anonymous,no,yes,6 hours 30 mins ago
103.176.14.46,80,IN,India,anonymous,no,yes,7 hours ago
103.176.14.56,443,IN,India,anonymous,no,yes,7 hours ago
103.95.40.218,8080,ID,Indonesia,anonymous,no,yes,7 hours 40 mins ago
5.161.82.73,3128,US,United States,anonymous,no,yes,7 hours 50 mins ago
181.212.58.68,80,CL,Chile,elite proxy,no,yes,8 hours ago
93.190.139.207,45671,NL,Netherlands,anonymous,,yes,9 hours 41 mins ago
192.99.144.208,10001,CA,Canada,elite proxy,no,yes,11 hours 50 mins ago
213.136.101.36,3128,CI,Cote D'Ivoire,anonymous,,yes,11 hours 50 mins ago
147.139.140.74,80,ID,Indonesia,elite proxy,no,yes,11 hours 50 mins ago
187.72.139.241,80,BR,Brazil,elite proxy,no,yes,12 hours ago
77.77.64.116,3128,IR,Iran,elite proxy,,yes,12 hours 20 mins ago
134.209.121.28,3128,US,United States,elite proxy,no,yes,12 hours 20 mins ago
154.236.179.226,1981,EG,Egypt,anonymous,no,yes,12 hours 40 mins ago
81.12.44.197,3129,IR,Iran,anonymous,no,yes,14 hours ago
181.129.138.114,30838,CO,Colombia,elite proxy,no,yes,14 hours ago
31.40.27.214,3128,UZ,Uzbekistan,anonymous,,yes,14 hours ago
172.250.30.194,8080,US,United States,elite proxy,no,yes,14 hours ago
213.139.209.46,80,RU,Russian Federation,anonymous,no,yes,14 hours 10 mins ago
49.13.21.204,20194,DE,Germany,elite proxy,no,yes,14 hours 31 mins ago
20.204.212.76,3129,IN,India,anonymous,yes,yes,14 hours 31 mins ago
137.184.36.124,26002,US,United States,elite proxy,no,yes,14 hours 31 mins ago
34.87.55.162,8080,SG,Singapore,anonymous,no,yes,14 hours 50 mins ago
202.40.177.69,80,BD,Bangladesh,elite proxy,no,yes,14 hours 50 mins ago
40.127.201.29,80,IE,Ireland,elite proxy,no,yes,14 hours 50 mins ago
20.219.180.105,3129,IN,India,anonymous,no,yes,15 hours 51 mins ago
34.124.225.130,8080,SG,Singapore,anonymous,no,yes,16 hours 1 min ago
185.105.230.45,3128,TJ,Tajikistan,elite proxy,no,yes,16 hours 10 mins ago
20.219.182.59,3129,IN,India,anonymous,no,yes,16 hours 41 mins ago
128.140.121.173,20827,DE,Germany,anonymous,no,yes,16 hours 50 mins ago
20.204.214.23,3129,IN,India,anonymous,yes,yes,16 hours 50 mins ago
122.9.183.228,8000,CN,China,anonymous,,yes,17 hours 40 mins ago
51.38.28.127,80,ES,Spain,elite proxy,no,yes,17 hours 50 mins ago
31.31.77.228,6969,CZ,Czech Republic,elite proxy,yes,yes,18 hours 40 mins ago
92.207.253.226,38157,GB,United Kingdom,elite proxy,no,yes,19 hours ago
87.237.239.57,3128,UZ,Uzbekistan,anonymous,,yes,19 hours ago
129.159.88.228,80,US,United States,elite proxy,no,yes,19 hours ago
117.69.232.249,8089,CN,China,anonymous,no,yes,22 hours 40 mins ago
64.225.8.203,10000,US,United States,anonymous,,yes,23 hours ago
192.81.218.238,26004,US,United States,elite proxy,yes,yes,23 hours 11 mins ago
118.70.12.171,53281,VN,Vietnam,elite proxy,no,yes,23 hours 30 mins ago
88.99.249.96,8145,DE,Germany,elite proxy,no,yes,23 hours 30 mins ago
212.100.139.162,8080,RU,Russian Federation,elite proxy,no,yes,24 hours 30 mins ago
3.83.155.153,38080,US,United States,elite proxy,no,yes,27 hours 20 mins ago
183.181.168.48,80,JP,Japan,elite proxy,no,yes,28 hours 31 mins ago
148.64.110.245,3129,US,United States,elite proxy,yes,yes,28 hours 40 mins ago
20.219.235.172,3129,IN,India,anonymous,no,yes,28 hours 40 mins ago
102.39.215.83,9090,ZA,South Africa,anonymous,,yes,29 hours 21 mins ago
139.180.201.244,65531,JP,Japan,elite proxy,no,yes,30 hours ago
38.152.248.207,3129,US,United States,anonymous,yes,yes,33 hours 40 mins ago
206.84.101.110,9090,US,United States,anonymous,no,yes,34 hours ago
213.178.39.170,8080,RU,Russian Federation,elite proxy,no,yes,34 hours 40 mins ago
139.59.168.43,3129,GB,United Kingdom,anonymous,yes,yes,35 hours 30 mins ago
23.229.49.239,3129,US,United States,elite proxy,yes,yes,35 hours 50 mins ago
23.229.49.33,3129,US,United States,elite proxy,yes,yes,35 hours 50 mins ago
23.229.49.2,3129,US,United States,elite proxy,yes,yes,35 hours 50 mins ago
23.229.49.91,3129,US,United States,elite proxy,yes,yes,35 hours 50 mins ago
175.100.103.170,55443,KH,Cambodia,anonymous,,yes,36 hours 20 mins ago
20.204.212.45,3129,IN,India,anonymous,no,yes,40 hours ago
103.203.136.253,80,IN,India,elite proxy,no,yes,40 hours 40 mins ago
